{
  "Link Color" : {
    "Red Component" : 0.1451396644115448,
    "Color Space" : "P3",
    "Blue Component" : 0.70932406187057495,
    "Alpha Component" : 1,
    "Green Component" : 0.35333043336868286
  },
  "Tags" : [

  ],
  "Ansi 12 Color" : {
    "Red Component" : 0.51372549019607838,
    "Color Space" : "sRGB",
    "Blue Component" : 0.58823529411764708,
    "Green Component" : 0.58039215686274515
  },
  "Ansi 7 Color" : {
    "Red Component" : 0.93333333333333335,
    "Color Space" : "sRGB",
    "Blue Component" : 0.83529411764705885,
    "Green Component" : 0.90980392156862744
  },
  "Ansi 8 Color" : {
    "Red Component" : 0,
    "Color Space" : "sRGB",
    "Blue Component" : 0.21176470588235294,
    "Green Component" : 0.16862745098039217
  },
  "Bold Color" : {
    "Red Component" : 0.57647058823529407,
    "Color Space" : "sRGB",
    "Blue Component" : 0.63137254901960782,
    "Green Component" : 0.63137254901960782
  },
  "Ansi 9 Color" : {
    "Red Component" : 0.79607843137254897,
    "Color Space" : "sRGB",
    "Blue Component" : 0.086274509803921567,
    "Green Component" : 0.29411764705882354
  },
  "Horizontal Spacing" : 1,
  "Right Option Key Sends" : 0,
  "Rows" : 25,
  "Default Bookmark" : "No",
  "Cursor Guide Color" : {
    "Red Component" : 0.7486259937286377,
    "Color Space" : "P3",
    "Blue Component" : 0.99125725030899048,
    "Alpha Component" : 0.25,
    "Green Component" : 0.92047786712646484
  },
  "Non-ASCII Anti Aliased" : true,
  "Use Bright Bold" : true,
  "Ansi 10 Color" : {
    "Red Component" : 0.34509803921568627,
    "Color Space" : "sRGB",
    "Blue Component" : 0.45882352941176469,
    "Green Component" : 0.43137254901960786
  },
  "Ambiguous Double Width" : false,
  "Jobs to Ignore" : [
    "rlogin",
    "ssh",
    "slogin",
    "telnet"
  ],
  "Ansi 15 Color" : {
    "Red Component" : 0.99215686274509807,
    "Color Space" : "sRGB",
    "Blue Component" : 0.8901960784313725,
    "Green Component" : 0.96470588235294119
  },
  "Foreground Color" : {
    "Red Component" : 0.51372549019607838,
    "Color Space" : "sRGB",
    "Blue Component" : 0.58823529411764708,
    "Green Component" : 0.58039215686274515
  },
  "Working Directory" : "\/Users\/jorge",
  "Blinking Cursor" : false,
  "Disable Window Resizing" : true,
  "Sync Title" : false,
  "Prompt Before Closing 2" : false,
  "BM Growl" : true,
  "Command" : "",
  "Description" : "Default",
  "Mouse Reporting" : true,
  "Screen" : -1,
  "Selection Color" : {
    "Red Component" : 0.027450980392156862,
    "Color Space" : "sRGB",
    "Blue Component" : 0.25882352941176473,
    "Green Component" : 0.21176470588235294
  },
  "Only The Default BG Color Uses Transparency" : false,
  "Columns" : 80,
  "Idle Code" : 0,
  "Ansi 13 Color" : {
    "Red Component" : 0.42352941176470588,
    "Color Space" : "sRGB",
    "Blue Component" : 0.7686274509803922,
    "Green Component" : 0.44313725490196076
  },
  "Custom Command" : "No",
  "ASCII Anti Aliased" : true,
  "Non Ascii Font" : "Monaco 12",
  "Vertical Spacing" : 1,
  "Use Bold Font" : true,
  "Option Key Sends" : 0,
  "Selected Text Color" : {
    "Red Component" : 0.57647058823529407,
    "Color Space" : "sRGB",
    "Blue Component" : 0.63137254901960782,
    "Green Component" : 0.63137254901960782
  },
  "Background Color" : {
    "Red Component" : 0,
    "Color Space" : "sRGB",
    "Blue Component" : 0.21176470588235294,
    "Green Component" : 0.16862745098039217
  },
  "Character Encoding" : 4,
  "Ansi 11 Color" : {
    "Red Component" : 0.396078431372549,
    "Color Space" : "sRGB",
    "Blue Component" : 0.51372549019607838,
    "Green Component" : 0.4823529411764706
  },
  "Use Italic Font" : true,
  "Unlimited Scrollback" : true,
  "Keyboard Map" : {
    "0xf702-0x300000" : {
      "Text" : "0x1",
      "Action" : 11
    },
    "0x39-0x200000" : {
      "Text" : "9",
      "Action" : 12
    },
    "0xf703-0x300000" : {
      "Text" : "0x5",
      "Action" : 11
    },
    "0xf702-0x280000" : {
      "Text" : "b",
      "Action" : 10
    },
    "0xf703-0x280000" : {
      "Text" : "f",
      "Action" : 10
    },
    "0x38-0x200000" : {
      "Text" : "8",
      "Action" : 12
    },
    "0x2d-0x200000" : {
      "Text" : "-",
      "Action" : 12
    },
    "0x3-0x200000" : {
      "Text" : "0xd",
      "Action" : 11
    },
    "0x37-0x200000" : {
      "Text" : "7",
      "Action" : 12
    },
    "0x32-0x200000" : {
      "Text" : "2",
      "Action" : 12
    },
    "0xf739-0x0" : {
      "Text" : "",
      "Action" : 13
    },
    "0x31-0x200000" : {
      "Text" : "1",
      "Action" : 12
    },
    "0x36-0x200000" : {
      "Text" : "6",
      "Action" : 12
    },
    "0x30-0x200000" : {
      "Text" : "0",
      "Action" : 12
    },
    "0x2b-0x200000" : {
      "Text" : "+",
      "Action" : 12
    },
    "0x35-0x200000" : {
      "Text" : "5",
      "Action" : 12
    },
    "0x34-0x200000" : {
      "Text" : "4",
      "Action" : 12
    },
    "0x2f-0x200000" : {
      "Text" : "\/",
      "Action" : 12
    },
    "0x2a-0x200000" : {
      "Text" : "*",
      "Action" : 12
    },
    "0x33-0x200000" : {
      "Text" : "3",
      "Action" : 12
    },
    "0x2e-0x200000" : {
      "Text" : ".",
      "Action" : 12
    },
    "0x7f-0x80000" : {
      "Text" : "0x1b 0x7f",
      "Action" : 11
    },
    "0x7f-0x100000" : {
      "Text" : "0x15",
      "Action" : 11
    }
  },
  "Window Type" : 0,
  "Background Image Location" : "",
  "Blur" : false,
  "Badge Color" : {
    "Red Component" : 0.92929404973983765,
    "Color Space" : "P3",
    "Blue Component" : 0.13960540294647217,
    "Alpha Component" : 0.5,
    "Green Component" : 0.25479039549827576
  },
  "Scrollback Lines" : 0,
  "Send Code When Idle" : false,
  "Close Sessions On End" : true,
  "Terminal Type" : "xterm-256color",
  "Visual Bell" : true,
  "Flashing Bell" : false,
  "Silence Bell" : false,
  "Ansi 14 Color" : {
    "Red Component" : 0.57647058823529407,
    "Color Space" : "sRGB",
    "Blue Component" : 0.63137254901960782,
    "Green Component" : 0.63137254901960782
  },
  "Name" : "Starfox",
  "Cursor Text Color" : {
    "Red Component" : 0.027450980392156862,
    "Color Space" : "sRGB",
    "Blue Component" : 0.25882352941176473,
    "Green Component" : 0.21176470588235294
  },
  "Match Background Color" : {
    "Red Component" : 0.99697154760360718,
    "Color Space" : "P3",
    "Blue Component" : 0.32116127014160156,
    "Alpha Component" : 1,
    "Green Component" : 0.98600882291793823
  },
  "Shortcut" : "",
  "Cursor Color" : {
    "Red Component" : 0.51372549019607838,
    "Color Space" : "sRGB",
    "Blue Component" : 0.58823529411764708,
    "Green Component" : 0.58039215686274515
  },
  "Transparency" : 0.0485478827293883,
  "Ansi 1 Color" : {
    "Red Component" : 0.86274509803921573,
    "Color Space" : "sRGB",
    "Blue Component" : 0.18431372549019609,
    "Green Component" : 0.19607843137254902
  },
  "Ansi 2 Color" : {
    "Red Component" : 0.52156862745098043,
    "Color Space" : "sRGB",
    "Blue Component" : 0,
    "Green Component" : 0.59999999999999998
  },
  "Ansi 3 Color" : {
    "Red Component" : 0.70980392156862748,
    "Color Space" : "sRGB",
    "Blue Component" : 0,
    "Green Component" : 0.53725490196078429
  },
  "Ansi 4 Color" : {
    "Red Component" : 0.14901960784313725,
    "Color Space" : "sRGB",
    "Blue Component" : 0.82352941176470584,
    "Green Component" : 0.54509803921568623
  },
  "Ansi 5 Color" : {
    "Red Component" : 0.82745098039215681,
    "Color Space" : "sRGB",
    "Blue Component" : 0.50980392156862742,
    "Green Component" : 0.21176470588235294
  },
  "Use Non-ASCII Font" : false,
  "Ansi 6 Color" : {
    "Red Component" : 0.16470588235294117,
    "Color Space" : "sRGB",
    "Blue Component" : 0.59607843137254901,
    "Green Component" : 0.63137254901960782
  },
  "Normal Font" : "Monaco 12",
  "Custom Directory" : "Recycle",